[
    {
        "id": "1",
        "senderId": "1",
        "senderName": "John Builder",
        "receiverId": "2",
        "receiverName": "Mike Carpenter",
        "message": "Hi Mike, I need framing work for a new build in NW Calgary. Are you available next week?",
        "timestamp": "2024-03-25T10:30:00.000Z",
        "read": true
    },
    {
        "id": "2",
        "senderId": "2",
        "senderName": "Mike Carpenter",
        "receiverId": "1",
        "receiverName": "John Builder",
        "message": "Yes, I have availability next week. Can you send me the project details?",
        "timestamp": "2024-03-25T11:15:00.000Z",
        "read": true
    },
    {
        "id": "3",
        "senderId": "1",
        "senderName": "John Builder",
        "receiverId": "2",
        "receiverName": "Mike Carpenter",
        "message": "Great! It's a 2400 sq ft single family home. When can we meet on site?",
        "timestamp": "2024-03-25T14:20:00.000Z",
        "read": false
    }
]